{"cameraMode":{"drawMode":0,"name":"Shaded","section":"Shading Mode"},"sceneLighting":false,"audioPlay":false,"sceneViewState":{"m_AlwaysRefresh":false,"showFog":true,"showSkybox":false,"showFlares":true,"showImageEffects":true,"showParticleSystems":true,"showVisualEffectGraphs":true,"m_FxEnabled":true},"in2DMode":false,"pivot":{"x":-0.28000128269195559,"y":-1.4901161193847657e-7,"z":-4.3213367462158205e-7},"rotation":{"x":0.03985488414764404,"y":0.960199773311615,"z":-0.2094445377588272,"w":0.18173940479755402},"size":0.6116161346435547,"orthographic":false}