{"cameraMode":{"drawMode":0,"name":"Shaded","section":"Shading Mode"},"sceneLighting":true,"audioPlay":false,"sceneViewState":{"m_AlwaysRefresh":false,"showFog":true,"showSkybox":false,"showFlares":true,"showImageEffects":true,"showParticleSystems":true,"showVisualEffectGraphs":true,"m_FxEnabled":true},"in2DMode":false,"pivot":{"x":-8.400135040283204,"y":2.5038039684295656,"z":-2.1735901832580568},"rotation":{"x":0.00706320209428668,"y":0.9893291592597961,"z":-0.13739453256130219,"w":0.04982617497444153},"size":1.9208577871322632,"orthographic":false}