{"cameraMode":{"drawMode":0,"name":"Shaded","section":"Shading Mode"},"sceneLighting":false,"audioPlay":false,"sceneViewState":{"m_AlwaysRefresh":false,"showFog":true,"showSkybox":false,"showFlares":true,"showImageEffects":true,"showParticleSystems":true,"showVisualEffectGraphs":true,"m_FxEnabled":true},"in2DMode":false,"pivot":{"x":-8.272313117980957,"y":1.9341713190078736,"z":-0.6521162986755371},"rotation":{"x":0.015669075772166253,"y":0.9748279452323914,"z":-0.21022428572177888,"w":0.07266140729188919},"size":1.825669527053833,"orthographic":false}